开盘时间,开盘价,最高价,最低价,收盘价,成交量,收盘时间,成交额,成交笔数,主动买入成交量,主动买入成交额
2024-02-22 16:04:00,8.33700000,8.33700000,8.31800000,8.32900000,19422.50000000,1708589099999,161734.47130000,484,8641.60000000,71976.36730000
2024-02-22 16:05:00,8.32700000,8.33300000,8.28800000,8.30500000,29332.20000000,1708589159999,243650.86100000,694,7042.10000000,58521.43050000
2024-02-22 16:06:00,8.30300000,8.30300000,8.26000000,8.27800000,59845.00000000,1708589219999,495645.37140000,1388,25446.60000000,210783.99180000
2024-02-22 16:07:00,8.27700000,8.29800000,8.24600000,8.29400000,72623.30000000,1708589279999,600836.43510000,1045,19544.80000000,161882.59870000
2024-02-22 16:08:00,8.29300000,8.32800000,8.28600000,8.31800000,30899.10000000,1708589339999,256766.67960000,677,12825.40000000,106570.87970000
2024-02-22 16:09:00,8.31700000,8.34600000,8.31500000,8.33900000,37314.70000000,1708589399999,311095.96900000,672,20598.50000000,171698.89260000
2024-02-22 16:10:00,8.33900000,8.35700000,8.33900000,8.35600000,21307.70000000,1708589459999,177882.24910000,579,8008.70000000,66859.25380000
2024-02-22 16:11:00,8.35600000,8.36000000,8.34000000,8.35100000,27753.60000000,1708589519999,231812.50690000,609,15298.50000000,127815.21640000
2024-02-22 16:12:00,8.35000000,8.40200000,8.35000000,8.40100000,54672.40000000,1708589579999,457941.12010000,1167,34505.80000000,289036.98450000
2024-02-22 16:13:00,8.40200000,8.42400000,8.32500000,8.33500000,75853.10000000,1708589639999,635336.02990000,1596,24251.00000000,203416.32890000
2024-02-22 16:14:00,8.33700000,8.34200000,8.29200000,8.31000000,72342.00000000,1708589699999,601176.52800000,1116,24111.70000000,200381.76650000
2024-02-22 16:15:00,8.31000000,8.31800000,8.28500000,8.28600000,37647.50000000,1708589759999,312308.39740000,750,16508.30000000,136912.56110000
2024-02-22 16:16:00,8.28700000,8.32000000,8.28500000,8.30800000,19667.00000000,1708589819999,163289.34250000,604,12821.70000000,106453.43530000
2024-02-22 16:17:00,8.30800000,8.36800000,8.30400000,8.35300000,31178.90000000,1708589879999,260214.28370000,860,14204.60000000,118510.54010000
2024-02-22 16:18:00,8.35500000,8.38400000,8.35400000,8.38000000,33965.00000000,1708589939999,284283.59370000,782,16321.60000000,136620.16330000
2024-02-22 16:19:00,8.38200000,8.38200000,8.34000000,8.35700000,40717.00000000,1708589999999,340731.39670000,579,6446.90000000,53879.72200000
2024-02-22 16:20:00,8.35900000,8.38100000,8.35800000,8.37100000,17850.90000000,1708590059999,149429.21190000,517,10097.50000000,84529.46910000
2024-02-22 16:21:00,8.37100000,8.40700000,8.36800000,8.39000000,53565.00000000,1708590119999,449410.86620000,988,31138.90000000,261261.76450000
2024-02-22 16:22:00,8.39100000,8.39600000,8.34600000,8.36200000,62271.50000000,1708590179999,521298.39860000,1136,12543.60000000,105058.71450000
2024-02-22 16:23:00,8.36200000,8.37600000,8.35400000,8.37100000,19493.30000000,1708590239999,163087.62210000,504,9207.20000000,77022.03390000
2024-02-22 16:24:00,8.37000000,8.37000000,8.33000000,8.33800000,49395.20000000,1708590299999,411950.67700000,776,28143.80000000,234615.22510000
2024-02-22 16:25:00,8.33700000,8.33700000,8.29600000,8.29700000,44236.50000000,1708590359999,367748.73240000,1082,19112.40000000,158927.41210000
2024-02-22 16:26:00,8.29800000,8.33200000,8.27600000,8.30500000,54476.10000000,1708590419999,452234.51070000,1117,33171.90000000,275427.98860000
2024-02-22 16:27:00,8.30500000,8.31600000,8.27500000,8.27500000,34543.20000000,1708590479999,286763.56060000,695,12178.20000000,101163.41790000
2024-02-22 16:28:00,8.27500000,8.28700000,8.23800000,8.23900000,46135.20000000,1708590539999,381105.14230000,1199,18077.90000000,149388.16260000
2024-02-22 16:29:00,8.24000000,8.26000000,8.23900000,8.24700000,26969.80000000,1708590599999,222519.82830000,757,16305.70000000,134541.62570000
2024-02-22 16:30:00,8.24500000,8.24500000,8.21200000,8.22400000,32198.90000000,1708590659999,264926.26000000,1033,11094.30000000,91290.57980000
2024-02-22 16:31:00,8.22500000,8.23700000,8.19100000,8.22800000,60564.00000000,1708590719999,497188.62950000,1429,20482.90000000,168256.66210000
2024-02-22 16:32:00,8.22800000,8.23100000,8.13000000,8.15500000,92995.10000000,1708590779999,759291.47030000,2473,33272.90000000,271715.03360000
2024-02-22 16:33:00,8.15600000,8.16900000,8.10000000,8.12200000,87913.80000000,1708590839999,715041.65190000,2007,31406.00000000,255574.77000000
2024-02-22 16:34:00,8.12200000,8.15200000,8.12100000,8.14700000,47225.80000000,1708590899999,384333.49230000,1103,21201.30000000,172609.46490000
2024-02-22 16:35:00,8.14600000,8.15500000,8.11400000,8.15100000,47173.80000000,1708590959999,384145.59030000,1212,28700.40000000,233772.88390000
2024-02-22 16:36:00,8.15000000,8.20900000,8.15000000,8.19700000,43506.70000000,1708591019999,356419.99150000,1082,25424.70000000,208236.82340000
2024-02-22 16:37:00,8.19900000,8.24400000,8.18400000,8.24300000,24273.70000000,1708591079999,199327.71830000,773,15194.80000000,124806.17020000
2024-02-22 16:38:00,8.24300000,8.24600000,8.20000000,8.21000000,25271.00000000,1708591139999,207891.90210000,682,8377.50000000,68909.25330000
2024-02-22 16:39:00,8.21100000,8.28000000,8.21100000,8.26600000,39669.50000000,1708591199999,327075.05070000,802,29039.30000000,239498.23530000
2024-02-22 16:40:00,8.26500000,8.30600000,8.26400000,8.30300000,31840.50000000,1708591259999,263988.87360000,758,16562.40000000,137314.60890000
2024-02-22 16:41:00,8.30300000,8.30300000,8.24600000,8.26200000,31442.20000000,1708591319999,259995.02590000,785,13730.80000000,113536.96230000
2024-02-22 16:42:00,8.26100000,8.26700000,8.22500000,8.22800000,21765.60000000,1708591379999,179388.62460000,530,9004.90000000,74197.21670000
2024-02-22 16:43:00,8.22800000,8.26900000,8.22800000,8.24600000,20063.00000000,1708591439999,165519.28650000,498,12452.50000000,102727.28470000
2024-02-22 16:44:00,8.24800000,8.25600000,8.22200000,8.23500000,34919.50000000,1708591499999,287802.14680000,595,9023.80000000,74421.47040000
2024-02-22 16:45:00,8.23500000,8.25000000,8.22800000,8.23400000,23371.20000000,1708591559999,192535.44680000,512,13466.60000000,110958.17240000
2024-02-22 16:46:00,8.23400000,8.23400000,8.20300000,8.20900000,21114.00000000,1708591619999,173581.62800000,492,8642.60000000,71082.69490000
2024-02-22 16:47:00,8.21400000,8.22700000,8.20100000,8.21500000,25892.10000000,1708591679999,212659.05760000,419,7294.10000000,59946.49430000
2024-02-22 16:48:00,8.21600000,8.26000000,8.21600000,8.25400000,16793.80000000,1708591739999,138336.65500000,425,10662.50000000,87834.88670000
2024-02-22 16:49:00,8.25500000,8.27800000,8.23700000,8.27400000,15344.50000000,1708591799999,126654.81880000,411,9107.50000000,75201.85060000
2024-02-22 16:50:00,8.27500000,8.31800000,8.27500000,8.30400000,64663.30000000,1708591859999,536351.55250000,920,30777.80000000,255278.28600000
2024-02-22 16:51:00,8.30400000,8.35400000,8.30000000,8.31900000,59418.60000000,1708591919999,494723.25340000,1127,39584.70000000,329678.06370000
2024-02-22 16:52:00,8.31900000,8.33900000,8.31000000,8.33600000,11767.80000000,1708591979999,97954.70650000,321,6522.60000000,54305.46330000
2024-02-22 16:53:00,8.33500000,8.36400000,8.31200000,8.31800000,49349.70000000,1708592039999,411626.91630000,808,26806.80000000,223751.75250000
2024-02-22 16:54:00,8.31600000,8.31700000,8.28200000,8.31200000,24177.80000000,1708592099999,200707.49730000,623,11929.80000000,99034.59740000
2024-02-22 16:55:00,8.31200000,8.34400000,8.31200000,8.33500000,43000.20000000,1708592159999,358245.87360000,861,31643.50000000,263639.48130000
2024-02-22 16:56:00,8.33500000,8.36400000,8.32300000,8.34000000,69683.00000000,1708592219999,581579.76690000,825,53847.20000000,449517.18310000
2024-02-22 16:57:00,8.34100000,8.34800000,8.31600000,8.32200000,24555.10000000,1708592279999,204452.50270000,571,12241.80000000,101932.04170000
2024-02-22 16:58:00,8.32400000,8.32800000,8.29800000,8.30400000,22073.30000000,1708592339999,183420.05860000,515,12857.40000000,106859.79230000
2024-02-22 16:59:00,8.30400000,8.33500000,8.30400000,8.32700000,24103.00000000,1708592399999,200595.21700000,474,14670.60000000,122097.13600000
2024-02-22 17:00:00,8.32600000,8.32700000,8.30100000,8.30600000,37359.70000000,1708592459999,310647.11110000,776,16560.80000000,137721.72470000
2024-02-22 17:01:00,8.30500000,8.31300000,8.28100000,8.28500000,14512.60000000,1708592519999,120438.77340000,385,6152.10000000,51061.71330000
2024-02-22 17:02:00,8.28500000,8.32400000,8.28400000,8.31500000,18853.60000000,1708592579999,156629.06530000,383,15131.70000000,125695.65830000
2024-02-22 17:03:00,8.31600000,8.33000000,8.29500000,8.32900000,26368.60000000,1708592639999,219179.11820000,517,12195.50000000,101394.93210000
2024-02-22 17:04:00,8.32800000,8.33200000,8.30600000,8.30800000,21681.10000000,1708592699999,180372.74110000,491,9583.30000000,79725.03950000
2024-02-22 17:05:00,8.31000000,8.31500000,8.30000000,8.31200000,29896.50000000,1708592759999,248455.39810000,443,9728.30000000,80845.35430000
2024-02-22 17:06:00,8.31300000,8.31300000,8.29600000,8.30300000,6304.90000000,1708592819999,52350.85430000,208,3871.00000000,32140.66130000
2024-02-22 17:07:00,8.30000000,8.30600000,8.27000000,8.27000000,23120.10000000,1708592879999,191633.69070000,390,11267.50000000,93391.39510000
2024-02-22 17:08:00,8.27100000,8.27900000,8.24500000,8.25000000,51102.00000000,1708592939999,422105.06840000,780,33837.00000000,279460.62230000
2024-02-22 17:09:00,8.25100000,8.30100000,8.24100000,8.29800000,36002.20000000,1708592999999,297468.90340000,729,19838.80000000,164085.53970000
2024-02-22 17:10:00,8.29800000,8.29900000,8.26400000,8.27700000,16869.40000000,1708593059999,139668.01190000,414,5437.50000000,45024.68730000
2024-02-22 17:11:00,8.27800000,8.27800000,8.24200000,8.26100000,16597.70000000,1708593119999,137036.39160000,426,8262.30000000,68220.58210000
2024-02-22 17:12:00,8.26000000,8.26000000,8.24700000,8.25400000,15965.50000000,1708593179999,131764.50550000,358,4716.20000000,38925.40430000
2024-02-22 17:13:00,8.25500000,8.26700000,8.24500000,8.26600000,23354.70000000,1708593239999,192843.79380000,464,11813.40000000,97563.86790000
2024-02-22 17:14:00,8.26500000,8.28500000,8.25700000,8.28200000,30088.60000000,1708593299999,248832.43870000,640,10170.40000000,84159.05040000
2024-02-22 17:15:00,8.28100000,8.28100000,8.24900000,8.26400000,14374.90000000,1708593359999,118754.77420000,378,6230.70000000,51482.00010000
2024-02-22 17:16:00,8.26400000,8.27900000,8.25300000,8.27300000,19275.20000000,1708593419999,159357.98690000,524,9321.30000000,77069.46680000
2024-02-22 17:17:00,8.27800000,8.33800000,8.27800000,8.32600000,121576.60000000,1708593479999,1011284.24580000,1420,39286.20000000,326726.94500000
2024-02-22 17:18:00,8.32900000,8.34000000,8.31000000,8.31900000,53071.70000000,1708593539999,441644.99130000,762,13343.50000000,111118.52270000
2024-02-22 17:19:00,8.31900000,8.31900000,8.27800000,8.27900000,38633.60000000,1708593599999,320598.57370000,678,9312.60000000,77228.98240000
2024-02-22 17:20:00,8.28000000,8.29900000,8.25100000,8.26400000,27862.80000000,1708593659999,230451.87790000,538,10896.50000000,90103.84320000
2024-02-22 17:21:00,8.26400000,8.28000000,8.26400000,8.27900000,10358.30000000,1708593719999,85719.96260000,291,5065.50000000,41917.07670000
2024-02-22 17:22:00,8.27600000,8.32000000,8.27600000,8.30700000,17795.40000000,1708593779999,147798.66910000,414,10273.80000000,85299.70870000
2024-02-22 17:23:00,8.30700000,8.31900000,8.28100000,8.28100000,19804.60000000,1708593839999,164448.08920000,462,7457.50000000,61934.46150000
2024-02-22 17:24:00,8.28100000,8.30700000,8.28100000,8.30700000,19903.20000000,1708593899999,165100.70920000,419,11139.80000000,92403.89490000
2024-02-22 17:25:00,8.30700000,8.30900000,8.28700000,8.29800000,14880.40000000,1708593959999,123485.65620000,330,6504.20000000,53982.28570000
2024-02-22 17:26:00,8.29800000,8.30300000,8.28200000,8.29100000,14024.90000000,1708594019999,116327.38670000,343,6965.00000000,57771.68680000
2024-02-22 17:27:00,8.29100000,8.30500000,8.28500000,8.29700000,18736.30000000,1708594079999,155416.11180000,378,9989.60000000,82860.43780000
2024-02-22 17:28:00,8.29700000,8.34700000,8.29600000,8.33900000,42311.90000000,1708594139999,352399.47100000,762,23711.30000000,197441.72810000
2024-02-22 17:29:00,8.33900000,8.38400000,8.28800000,8.35000000,90468.60000000,1708594199999,754433.97780000,1703,51034.20000000,425653.81050000
2024-02-22 17:30:00,8.35000000,8.39000000,8.34400000,8.39000000,28680.60000000,1708594259999,239886.59300000,771,16020.20000000,134036.08070000
2024-02-22 17:31:00,8.38900000,8.38900000,8.34000000,8.35500000,37138.60000000,1708594319999,310328.13590000,910,12737.00000000,106438.91330000
2024-02-22 17:32:00,8.35600000,8.35800000,8.32600000,8.32700000,23879.90000000,1708594379999,199160.05120000,533,11230.20000000,93692.89840000
2024-02-22 17:33:00,8.32900000,8.35000000,8.31000000,8.34200000,21508.50000000,1708594439999,179142.85720000,521,11792.70000000,98253.62280000
2024-02-22 17:34:00,8.34200000,8.34600000,8.32100000,8.33000000,14607.80000000,1708594499999,121737.17560000,377,4271.90000000,35603.62640000
2024-02-22 17:35:00,8.33100000,8.35900000,8.32900000,8.35000000,21745.90000000,1708594559999,181462.31150000,514,12903.30000000,107673.15290000
2024-02-22 17:36:00,8.35000000,8.37800000,8.33400000,8.35100000,62702.50000000,1708594619999,523846.48430000,1244,33656.30000000,281180.95510000
2024-02-22 17:37:00,8.35100000,8.40000000,8.33600000,8.37600000,70246.80000000,1708594679999,588193.25730000,1316,38441.40000000,322087.22540000
2024-02-22 17:38:00,8.37500000,8.39500000,8.34500000,8.38900000,37782.80000000,1708594739999,316332.29500000,786,20996.60000000,175804.48680000
2024-02-22 17:39:00,8.38800000,8.47400000,8.37600000,8.45700000,152852.40000000,1708594799999,1288310.70100000,3234,89463.80000000,753858.70950000
2024-02-22 17:40:00,8.45900000,8.46200000,8.40100000,8.41000000,93008.30000000,1708594859999,784138.06260000,2125,35916.30000000,302921.08110000
2024-02-22 17:41:00,8.41000000,8.42000000,8.39700000,8.39900000,29351.40000000,1708594919999,246761.97390000,653,10608.80000000,89213.90880000
2024-02-22 17:42:00,8.39600000,8.41200000,8.38800000,8.41100000,31253.50000000,1708594979999,262580.56640000,633,14093.20000000,118404.04250000
2024-02-22 17:43:00,8.41100000,8.45700000,8.41100000,8.44700000,56472.70000000,1708595039999,476271.88740000,1256,36222.40000000,305494.02460000
2024-02-22 17:44:00,8.44600000,8.64500000,8.41100000,8.61800000,239250.40000000,1708595099999,2037711.68870000,5823,145235.50000000,1236955.47060000
2024-02-22 17:45:00,8.61800000,8.64800000,8.47100000,8.53400000,201279.70000000,1708595159999,1722632.26940000,6247,107374.40000000,919159.63660000
2024-02-22 17:46:00,8.53400000,8.58600000,8.51200000,8.53900000,84052.10000000,1708595219999,718403.68810000,1903,51246.70000000,438223.51770000
2024-02-22 17:47:00,8.53900000,8.54200000,8.48300000,8.53000000,104926.80000000,1708595279999,893099.57300000,2130,39350.80000000,334964.69610000
2024-02-22 17:48:00,8.52900000,8.54800000,8.51500000,8.52400000,37913.80000000,1708595339999,323381.12260000,1082,22636.50000000,193067.87590000
2024-02-22 17:49:00,8.52400000,8.56800000,8.51600000,8.54400000,40589.70000000,1708595399999,346576.55630000,1072,22948.90000000,195994.83260000
2024-02-22 17:50:00,8.54400000,8.56800000,8.51700000,8.56100000,39741.70000000,1708595459999,339517.40980000,1067,19016.00000000,162497.27690000
2024-02-22 17:51:00,8.56000000,8.63900000,8.54500000,8.60800000,137215.90000000,1708595519999,1178753.09320000,2842,73758.30000000,633668.03910000
2024-02-22 17:52:00,8.61000000,8.66700000,8.61000000,8.65600000,99821.60000000,1708595579999,863010.13190000,3325,55989.40000000,484055.35520000
2024-02-22 17:53:00,8.64700000,8.80000000,8.64700000,8.76000000,150626.60000000,1708595639999,1316650.13720000,6383,93344.30000000,815866.58190000
2024-02-22 17:54:00,8.76000000,8.81200000,8.71600000,8.78200000,108218.20000000,1708595699999,948194.62460000,3560,66288.50000000,580931.13480000
2024-02-22 17:55:00,8.78200000,8.80000000,8.73500000,8.75100000,117926.60000000,1708595759999,1033577.63810000,3304,39661.10000000,347647.12380000
2024-02-22 17:56:00,8.75000000,8.79100000,8.74100000,8.75600000,81543.10000000,1708595819999,714188.82950000,3045,44178.60000000,387050.40250000
2024-02-22 17:57:00,8.75600000,8.78600000,8.72000000,8.74700000,65719.50000000,1708595879999,574905.81920000,2167,36154.80000000,316535.30050000
2024-02-22 17:58:00,8.74800000,8.75700000,8.71100000,8.75300000,49708.70000000,1708595939999,434337.35430000,2126,23602.90000000,206284.31410000
2024-02-22 17:59:00,8.75600000,8.78500000,8.72700000,8.73600000,56273.60000000,1708595999999,492185.29230000,1863,27744.60000000,242640.54850000
2024-02-22 18:00:00,8.73500000,8.74000000,8.70000000,8.73400000,39155.70000000,1708596059999,341477.47130000,1261,18016.70000000,157154.44980000
2024-02-22 18:01:00,8.73200000,8.74400000,8.71500000,8.73600000,41580.80000000,1708596119999,363068.03110000,1200,16865.60000000,147293.68780000
2024-02-22 18:02:00,8.73700000,8.73700000,8.64900000,8.65600000,98802.50000000,1708596179999,857631.45410000,2333,36788.00000000,318994.34180000
2024-02-22 18:03:00,8.66200000,8.68600000,8.62200000,8.67400000,65478.20000000,1708596239999,566039.64690000,1776,33256.50000000,287716.05360000
2024-02-22 18:04:00,8.67300000,8.68500000,8.64500000,8.68100000,53230.30000000,1708596299999,461505.80450000,1239,18998.60000000,164718.79210000
2024-02-22 18:05:00,8.68000000,8.72300000,8.66800000,8.71500000,51589.50000000,1708596359999,448274.47670000,1079,24281.40000000,211086.24560000
2024-02-22 18:06:00,8.71600000,8.72400000,8.61200000,8.63100000,54499.70000000,1708596419999,472093.98200000,1512,24299.50000000,210512.80680000
2024-02-22 18:07:00,8.63100000,8.65100000,8.61700000,8.63200000,42124.30000000,1708596479999,363432.59780000,803,16942.60000000,146218.82670000
2024-02-22 18:08:00,8.63100000,8.63700000,8.57900000,8.59100000,45610.90000000,1708596539999,392652.07030000,1287,14675.60000000,126341.72890000
2024-02-22 18:09:00,8.59100000,8.61600000,8.57800000,8.61200000,24659.90000000,1708596599999,212141.68400000,617,14641.30000000,125940.59280000
2024-02-22 18:10:00,8.61200000,8.62200000,8.59700000,8.62000000,22007.00000000,1708596659999,189531.02500000,583,11517.80000000,99199.79990000
2024-02-22 18:11:00,8.62000000,8.64700000,8.61600000,8.63200000,29430.70000000,1708596719999,253897.78980000,808,17025.60000000,146902.56980000
2024-02-22 18:12:00,8.63200000,8.63200000,8.59300000,8.60300000,35544.70000000,1708596779999,305927.80590000,735,13374.50000000,115073.21530000
2024-02-22 18:13:00,8.60300000,8.60300000,8.54400000,8.58400000,50063.90000000,1708596839999,429196.97240000,1324,20833.70000000,178577.34690000
2024-02-22 18:14:00,8.58400000,8.59600000,8.57600000,8.59100000,17776.40000000,1708596899999,152618.76760000,474,8132.30000000,69824.83770000
2024-02-22 18:15:00,8.59200000,8.60800000,8.56100000,8.57200000,24438.70000000,1708596959999,209817.12760000,661,13865.50000000,119068.27430000
2024-02-22 18:16:00,8.57100000,8.58200000,8.54800000,8.56300000,44800.20000000,1708597019999,383622.88630000,926,27715.80000000,237361.39980000
2024-02-22 18:17:00,8.56400000,8.59800000,8.56000000,8.59000000,29724.20000000,1708597079999,254985.02540000,675,15990.70000000,137207.19630000
2024-02-22 18:18:00,8.59100000,8.62700000,8.57600000,8.62100000,32506.00000000,1708597139999,279705.02320000,743,17242.90000000,148427.79470000
2024-02-22 18:19:00,8.62000000,8.63000000,8.59400000,8.61700000,53164.90000000,1708597199999,458091.17180000,936,25507.20000000,219789.90210000
2024-02-22 18:20:00,8.61800000,8.61800000,8.57800000,8.61100000,39874.20000000,1708597259999,342832.71330000,1095,20171.60000000,173413.53380000
2024-02-22 18:21:00,8.61200000,8.64900000,8.60100000,8.63100000,22679.10000000,1708597319999,195604.66750000,610,12272.10000000,105839.26460000
2024-02-22 18:22:00,8.63300000,8.65500000,8.63000000,8.64500000,28538.90000000,1708597379999,246669.38590000,890,16268.40000000,140622.17620000
2024-02-22 18:23:00,8.64500000,8.67900000,8.63000000,8.65000000,32982.50000000,1708597439999,285492.25020000,831,17491.60000000,151454.40700000
2024-02-22 18:24:00,8.65000000,8.67300000,8.63600000,8.66300000,54217.40000000,1708597499999,469163.64630000,1012,20477.30000000,177275.91830000
2024-02-22 18:25:00,8.66000000,8.67700000,8.64500000,8.65300000,71666.60000000,1708597559999,620510.58160000,1114,31365.90000000,271582.59430000
2024-02-22 18:26:00,8.65300000,8.65800000,8.62600000,8.62900000,51488.50000000,1708597619999,444931.79030000,780,21872.30000000,189088.02650000
2024-02-22 18:27:00,8.62900000,8.63500000,8.61200000,8.62200000,43340.20000000,1708597679999,373859.62150000,741,17311.50000000,149381.88230000
2024-02-22 18:28:00,8.62300000,8.64700000,8.60000000,8.64400000,33276.60000000,1708597739999,286679.17910000,556,13735.60000000,118425.03850000
2024-02-22 18:29:00,8.64500000,8.64500000,8.61600000,8.63800000,37348.20000000,1708597799999,322345.51600000,574,13848.10000000,119522.67030000
2024-02-22 18:30:00,8.63800000,8.64000000,8.60700000,8.61200000,31191.50000000,1708597859999,268895.53850000,560,9783.90000000,84350.99020000
2024-02-22 18:31:00,8.61200000,8.63800000,8.60400000,8.60800000,32319.70000000,1708597919999,278494.20400000,553,12896.30000000,111131.27060000
2024-02-22 18:32:00,8.60700000,8.60700000,8.57500000,8.57900000,32299.50000000,1708597979999,277402.97460000,622,11484.00000000,98613.30240000
2024-02-22 18:33:00,8.57800000,8.58000000,8.55600000,8.56200000,28757.40000000,1708598039999,246312.72960000,516,10991.90000000,94157.12450000
2024-02-22 18:34:00,8.56400000,8.61500000,8.53000000,8.59800000,63559.10000000,1708598099999,544920.49190000,1220,38192.50000000,327510.33520000
2024-02-22 18:35:00,8.59800000,8.59900000,8.55500000,8.57100000,29187.30000000,1708598159999,250274.85250000,512,9900.70000000,84930.58040000
2024-02-22 18:36:00,8.56900000,8.60900000,8.56100000,8.60300000,26679.50000000,1708598219999,228910.30450000,595,17150.40000000,147157.00820000
2024-02-22 18:37:00,8.60400000,8.60900000,8.58800000,8.59900000,18566.80000000,1708598279999,159667.73130000,377,6955.90000000,59823.06160000
2024-02-22 18:38:00,8.60400000,8.60500000,8.58100000,8.58800000,18872.70000000,1708598339999,162116.01200000,394,8722.00000000,74921.86410000
2024-02-22 18:39:00,8.59100000,8.59200000,8.38800000,8.46200000,178706.00000000,1708598399999,1514116.58240000,3484,61419.70000000,519755.52530000
2024-02-22 18:40:00,8.46000000,8.47200000,8.39100000,8.43500000,121175.20000000,1708598459999,1020915.06920000,2060,70396.50000000,593366.85260000
2024-02-22 18:41:00,8.43500000,8.44200000,8.19200000,8.25800000,309823.40000000,1708598519999,2566812.47110000,3863,153505.70000000,1267683.67410000
2024-02-22 18:42:00,8.26000000,8.30800000,8.22700000,8.30000000,105590.10000000,1708598579999,874396.09700000,2206,43882.70000000,363417.05610000
2024-02-22 18:43:00,8.30000000,8.35500000,8.27400000,8.34500000,141088.80000000,1708598639999,1174598.34080000,1600,48645.10000000,404518.79370000
2024-02-22 18:44:00,8.34700000,8.35600000,8.29300000,8.31300000,47883.40000000,1708598699999,398311.57520000,871,20856.50000000,173566.95710000
2024-02-22 18:45:00,8.31300000,8.36600000,8.31000000,8.36200000,31393.30000000,1708598759999,261639.60410000,759,19284.90000000,160750.96620000
2024-02-22 18:46:00,8.36200000,8.36700000,8.31700000,8.32200000,38085.20000000,1708598819999,317818.16680000,914,16203.90000000,135284.17730000
2024-02-22 18:47:00,8.32200000,8.33600000,8.26600000,8.28400000,96456.40000000,1708598879999,800905.05920000,1714,36530.00000000,303386.40900000
2024-02-22 18:48:00,8.28500000,8.36400000,8.28000000,8.35300000,32941.50000000,1708598939999,274666.91530000,769,19768.30000000,164782.97360000
2024-02-22 18:49:00,8.35400000,8.38000000,8.34200000,8.36800000,23593.30000000,1708598999999,197374.16880000,535,15686.90000000,131237.06480000
2024-02-22 18:50:00,8.36800000,8.37600000,8.31400000,8.33000000,44668.80000000,1708599059999,372554.95240000,902,16036.60000000,133791.16510000
2024-02-22 18:51:00,8.33100000,8.40000000,8.33100000,8.37800000,32075.60000000,1708599119999,268411.98380000,710,24078.00000000,201555.52670000
2024-02-22 18:52:00,8.38000000,8.38300000,8.34600000,8.36000000,25600.10000000,1708599179999,214038.30020000,568,13124.60000000,109712.55520000
2024-02-22 18:53:00,8.36200000,8.38000000,8.35900000,8.37500000,14775.00000000,1708599239999,123672.82980000,396,8546.50000000,71539.72330000
2024-02-22 18:54:00,8.37500000,8.41000000,8.37300000,8.38000000,35706.90000000,1708599299999,299592.89730000,720,22999.10000000,193000.68000000
2024-02-22 18:55:00,8.37900000,8.38100000,8.35500000,8.37300000,14585.70000000,1708599359999,122096.50660000,379,5730.90000000,47977.22970000
2024-02-22 18:56:00,8.37300000,8.37500000,8.33900000,8.34600000,31218.70000000,1708599419999,260849.88040000,511,10518.30000000,87874.95250000
2024-02-22 18:57:00,8.34300000,8.35000000,8.31600000,8.35000000,17570.90000000,1708599479999,146449.19410000,354,7170.70000000,59762.67900000
2024-02-22 18:58:00,8.34900000,8.34900000,8.32900000,8.33100000,9885.90000000,1708599539999,82414.72270000,324,3758.50000000,31334.58850000
2024-02-22 18:59:00,8.33100000,8.34800000,8.31500000,8.34800000,17837.70000000,1708599599999,148597.97920000,402,10433.40000000,86934.79810000
2024-02-22 19:00:00,8.34900000,8.35600000,8.31300000,8.32000000,19994.80000000,1708599659999,166579.71330000,450,8963.50000000,74684.81980000
2024-02-22 19:01:00,8.32000000,8.33400000,8.30300000,8.30800000,18454.80000000,1708599719999,153497.84720000,422,9558.20000000,79508.43800000
2024-02-22 19:02:00,8.30400000,8.30500000,8.27300000,8.29600000,43231.10000000,1708599779999,358476.85540000,946,21897.00000000,181565.81410000
2024-02-22 19:03:00,8.29900000,8.33100000,8.29000000,8.31900000,26483.30000000,1708599839999,220109.12030000,547,14963.00000000,124369.66770000
2024-02-22 19:04:00,8.31600000,8.35400000,8.31600000,8.35100000,39818.80000000,1708599899999,331704.29100000,722,19683.30000000,164027.81250000
2024-02-22 19:05:00,8.35300000,8.38900000,8.34800000,8.37300000,27692.00000000,1708599959999,231853.47210000,629,16528.80000000,138386.52070000
2024-02-22 19:06:00,8.37200000,8.37800000,8.33200000,8.35700000,16119.70000000,1708600019999,134633.22440000,380,5313.90000000,44369.95670000
2024-02-22 19:07:00,8.35800000,8.39200000,8.35300000,8.38800000,15609.40000000,1708600079999,130718.50950000,441,9426.50000000,78944.86520000
2024-02-22 19:08:00,8.38700000,8.39100000,8.36300000,8.36800000,14755.70000000,1708600139999,123563.25680000,396,5606.50000000,46946.09340000
2024-02-22 19:09:00,8.36800000,8.39000000,8.36300000,8.38100000,18936.70000000,1708600199999,158677.62760000,395,5198.20000000,43566.91440000
2024-02-22 19:10:00,8.38100000,8.39200000,8.35700000,8.38300000,20401.20000000,1708600259999,170812.04580000,429,8520.90000000,71358.67500000
2024-02-22 19:11:00,8.38200000,8.40200000,8.37800000,8.39100000,26959.90000000,1708600319999,226168.53820000,550,13472.30000000,113029.24430000
2024-02-22 19:12:00,8.39200000,8.43800000,8.38500000,8.42700000,34533.80000000,1708600379999,290485.08730000,754,19456.50000000,163720.72450000
2024-02-22 19:13:00,8.42800000,8.43200000,8.41300000,8.42000000,32815.90000000,1708600439999,276322.45350000,669,16193.20000000,136363.18650000
2024-02-22 19:14:00,8.42100000,8.46600000,8.41600000,8.45400000,51935.90000000,1708600499999,438884.07070000,969,28142.70000000,237817.17030000
2024-02-22 19:15:00,8.45200000,8.46200000,8.42600000,8.43800000,73135.60000000,1708600559999,617710.76510000,969,36670.80000000,309687.58230000
2024-02-22 19:16:00,8.43700000,8.44700000,8.41100000,8.41800000,35509.60000000,1708600619999,299116.69330000,635,18507.90000000,155833.16720000
2024-02-22 19:17:00,8.41900000,8.43800000,8.41200000,8.42600000,11683.20000000,1708600679999,98407.70160000,268,5890.30000000,49622.73970000
2024-02-22 19:18:00,8.42600000,8.43200000,8.36800000,8.38400000,18679.50000000,1708600739999,156907.78590000,515,7566.60000000,63573.44110000
2024-02-22 19:19:00,8.38500000,8.44000000,8.35100000,8.43800000,54589.80000000,1708600799999,458712.91800000,1138,29516.20000000,248256.05240000
2024-02-22 19:20:00,8.43900000,8.46500000,8.43000000,8.45600000,62512.70000000,1708600859999,528417.04590000,1433,32287.00000000,272879.55470000
2024-02-22 19:21:00,8.45600000,8.50100000,8.45600000,8.47100000,104177.00000000,1708600919999,883419.68950000,1738,57034.90000000,483664.55080000
2024-02-22 19:22:00,8.47100000,8.48100000,8.43700000,8.44300000,41551.30000000,1708600979999,351587.94360000,817,21048.50000000,178100.91670000
2024-02-22 19:23:00,8.44400000,8.47500000,8.43600000,8.47100000,23920.00000000,1708601039999,202258.60440000,554,13264.00000000,112167.71970000
2024-02-22 19:24:00,8.46900000,8.47300000,8.45100000,8.46300000,12605.80000000,1708601099999,106672.80550000,349,5936.80000000,50241.21330000
2024-02-22 19:25:00,8.46400000,8.46800000,8.45000000,8.46100000,13228.70000000,1708601159999,111916.86560000,323,8277.60000000,70029.85780000
2024-02-22 19:26:00,8.46200000,8.48000000,8.45700000,8.48000000,13792.20000000,1708601219999,116784.87430000,316,9696.40000000,82111.86980000
2024-02-22 19:27:00,8.47900000,8.49600000,8.47200000,8.48700000,18658.50000000,1708601279999,158332.57740000,424,8184.70000000,69446.04210000
2024-02-22 19:28:00,8.48800000,8.49500000,8.48200000,8.49000000,15515.00000000,1708601339999,131704.44430000,538,9849.00000000,83608.22640000
2024-02-22 19:29:00,8.49000000,8.53500000,8.49000000,8.53200000,53674.90000000,1708601399999,457058.07360000,1166,34771.40000000,296088.42870000
2024-02-22 19:30:00,8.53200000,8.54000000,8.50100000,8.52500000,35770.40000000,1708601459999,304717.54980000,799,17157.90000000,146184.13690000
2024-02-22 19:31:00,8.52500000,8.56000000,8.52400000,8.55300000,52947.00000000,1708601519999,452787.32190000,948,23632.80000000,202077.27660000
2024-02-22 19:32:00,8.55200000,8.62000000,8.54700000,8.60400000,65037.30000000,1708601579999,558506.42980000,1327,46455.00000000,398884.22330000
2024-02-22 19:33:00,8.60400000,8.60600000,8.56900000,8.58600000,43209.70000000,1708601639999,371073.67260000,796,16928.30000000,145410.48420000
2024-02-22 19:34:00,8.58500000,8.67500000,8.58000000,8.64500000,109228.60000000,1708601699999,943686.36220000,2152,61264.00000000,529191.30670000
2024-02-22 19:35:00,8.64400000,8.65200000,8.61700000,8.62700000,52610.60000000,1708601759999,454202.78380000,1038,28242.50000000,243891.45610000
2024-02-22 19:36:00,8.62700000,8.63800000,8.59500000,8.61800000,40280.80000000,1708601819999,346735.55980000,888,17454.80000000,150217.81260000
2024-02-22 19:37:00,8.61900000,8.64000000,8.57000000,8.59300000,50622.70000000,1708601879999,435159.31480000,942,19425.30000000,167009.44830000
2024-02-22 19:38:00,8.59300000,8.61500000,8.54600000,8.57300000,48318.20000000,1708601939999,414570.17160000,951,20181.50000000,173201.49020000
2024-02-22 19:39:00,8.57300000,8.59000000,8.57000000,8.58600000,23877.70000000,1708601999999,204868.47830000,528,13271.90000000,113867.12450000
2024-02-22 19:40:00,8.58600000,8.63000000,8.58600000,8.60100000,37644.10000000,1708602059999,324041.53340000,719,23667.20000000,203732.17320000
2024-02-22 19:41:00,8.60100000,8.60300000,8.55500000,8.56200000,27963.00000000,1708602119999,239948.65430000,515,9994.80000000,85819.06030000
2024-02-22 19:42:00,8.56300000,8.57300000,8.54000000,8.55100000,42050.00000000,1708602179999,359806.56750000,715,16445.20000000,140722.62000000
2024-02-22 19:43:00,8.55000000,8.55300000,8.53500000,8.54400000,22768.70000000,1708602239999,194506.55610000,439,11381.60000000,97240.74830000
2024-02-22 19:44:00,8.54500000,8.56900000,8.53400000,8.55600000,26960.80000000,1708602299999,230469.29980000,579,13850.80000000,118417.32840000
2024-02-22 19:45:00,8.55500000,8.57500000,8.53000000,8.57300000,22770.30000000,1708602359999,194692.45440000,519,13044.30000000,111544.12430000
2024-02-22 19:46:00,8.57100000,8.57200000,8.53200000,8.53800000,26445.10000000,1708602419999,226033.82430000,508,12824.20000000,109610.15910000
2024-02-22 19:47:00,8.53900000,8.54100000,8.46900000,8.49000000,64111.50000000,1708602479999,544770.99600000,1333,26137.20000000,221969.88420000
2024-02-22 19:48:00,8.48900000,8.51900000,8.48900000,8.50800000,45552.10000000,1708602539999,387470.69580000,792,23046.10000000,196041.87500000
2024-02-22 19:49:00,8.50900000,8.51300000,8.48700000,8.49600000,39551.50000000,1708602599999,336118.03960000,446,19709.70000000,167475.62590000
2024-02-22 19:50:00,8.49500000,8.53900000,8.49200000,8.53200000,32310.80000000,1708602659999,275236.61270000,556,19047.60000000,162147.43050000
2024-02-22 19:51:00,8.53100000,8.58900000,8.52600000,8.58100000,45683.60000000,1708602719999,391108.36890000,764,35612.00000000,304877.91580000
2024-02-22 19:52:00,8.58200000,8.60400000,8.56600000,8.60400000,27581.80000000,1708602779999,236795.95110000,563,17128.70000000,147066.76280000
2024-02-22 19:53:00,8.60300000,8.61000000,8.57200000,8.59600000,34703.80000000,1708602839999,298223.58240000,618,19299.20000000,165885.55350000
2024-02-22 19:54:00,8.59600000,8.60500000,8.58900000,8.59500000,12621.50000000,1708602899999,108518.40580000,301,4903.30000000,42161.38950000
2024-02-22 19:55:00,8.59300000,8.60300000,8.58500000,8.59600000,13446.50000000,1708602959999,115600.85250000,350,7390.60000000,63546.42180000
2024-02-22 19:56:00,8.59600000,8.60100000,8.57000000,8.57200000,18698.60000000,1708603019999,160615.86210000,371,7926.60000000,68102.74500000
2024-02-22 19:57:00,8.57200000,8.60000000,8.57100000,8.59600000,17340.90000000,1708603079999,148898.66240000,357,11455.70000000,98382.66180000
2024-02-22 19:58:00,8.59600000,8.60400000,8.55500000,8.55900000,29137.50000000,1708603139999,249916.01580000,550,9387.70000000,80528.25580000
2024-02-22 19:59:00,8.55900000,8.58000000,8.55900000,8.57000000,13102.90000000,1708603199999,112262.47890000,295,7131.40000000,61103.30500000
2024-02-22 20:00:00,8.57200000,8.59200000,8.57100000,8.58500000,21172.70000000,1708603259999,181742.55080000,393,10342.70000000,88767.55690000
2024-02-22 20:01:00,8.58400000,8.59700000,8.53700000,8.54400000,26867.80000000,1708603319999,230166.11870000,573,11755.40000000,100690.45520000
2024-02-22 20:02:00,8.54400000,8.56800000,8.51500000,8.55500000,32900.30000000,1708603379999,281011.76550000,637,14640.10000000,125079.00010000
2024-02-22 20:03:00,8.55600000,8.68000000,8.55300000,8.66200000,111723.10000000,1708603439999,965233.56430000,1963,71515.20000000,617408.03890000
2024-02-22 20:04:00,8.66500000,8.66600000,8.60600000,8.61600000,86732.20000000,1708603499999,748153.24800000,1355,24899.10000000,214813.10250000
2024-02-22 20:05:00,8.61600000,8.62800000,8.58200000,8.60900000,66185.30000000,1708603559999,569426.45040000,1196,28385.20000000,244332.51100000
2024-02-22 20:06:00,8.60900000,8.65200000,8.60600000,8.64000000,34972.60000000,1708603619999,301986.68350000,674,24482.80000000,211447.93380000
2024-02-22 20:07:00,8.64000000,8.65900000,8.63000000,8.64100000,39259.20000000,1708603679999,339339.66790000,659,19969.90000000,172588.55010000
2024-02-22 20:08:00,8.63900000,8.64900000,8.62000000,8.64100000,21596.40000000,1708603739999,186480.05910000,491,11797.20000000,101874.24180000
2024-02-22 20:09:00,8.64200000,8.67600000,8.64100000,8.66100000,39396.10000000,1708603799999,341281.58730000,746,22310.70000000,193297.03940000
2024-02-22 20:10:00,8.66000000,8.66900000,8.63700000,8.65000000,22277.80000000,1708603859999,192738.47350000,485,8535.60000000,73868.60660000
2024-02-22 20:11:00,8.64900000,8.66400000,8.62900000,8.65300000,24572.60000000,1708603919999,212413.91690000,477,11451.70000000,99016.50490000
2024-02-22 20:12:00,8.65300000,8.66800000,8.64200000,8.66200000,23551.90000000,1708603979999,203855.40260000,418,11978.50000000,103708.29460000
2024-02-22 20:13:00,8.66200000,8.66300000,8.64200000,8.64400000,21207.60000000,1708604039999,183487.26400000,353,6647.40000000,57509.07100000
2024-02-22 20:14:00,8.64300000,8.64600000,8.62300000,8.64600000,22888.60000000,1708604099999,197635.56770000,480,10936.00000000,94451.40240000
2024-02-22 20:15:00,8.64400000,8.66300000,8.61500000,8.62700000,39251.60000000,1708604159999,339060.48840000,647,15893.80000000,137272.41690000
2024-02-22 20:16:00,8.62700000,8.64000000,8.61600000,8.63500000,15732.20000000,1708604219999,135704.03800000,363,9248.80000000,79787.07050000
2024-02-22 20:17:00,8.63700000,8.68000000,8.63500000,8.67400000,37076.50000000,1708604279999,321008.54290000,664,27991.50000000,242367.44030000
2024-02-22 20:18:00,8.67300000,8.74500000,8.67300000,8.74100000,156592.70000000,1708604339999,1362787.74370000,2557,120123.70000000,1044596.95880000
2024-02-22 20:19:00,8.74000000,8.74000000,8.69800000,8.72900000,72890.70000000,1708604399999,635491.55560000,1307,27212.20000000,237440.53560000
2024-02-22 20:20:00,8.72800000,8.73000000,8.67700000,8.69800000,28506.50000000,1708604459999,248221.96400000,559,9033.40000000,78691.19030000
2024-02-22 20:21:00,8.69600000,8.70900000,8.65200000,8.67100000,54895.90000000,1708604519999,476457.54150000,1080,21722.30000000,188660.02810000
2024-02-22 20:22:00,8.67100000,8.67500000,8.63000000,8.64900000,40532.80000000,1708604579999,350841.53240000,884,16285.60000000,140989.16850000
2024-02-22 20:23:00,8.64900000,8.65200000,8.57000000,8.58700000,66260.10000000,1708604639999,570031.97840000,1501,27076.70000000,232988.99300000
2024-02-22 20:24:00,8.58900000,8.59300000,8.55200000,8.57600000,38326.90000000,1708604699999,328786.48750000,819,17481.10000000,149975.49900000
2024-02-22 20:25:00,8.57500000,8.60800000,8.56600000,8.59700000,37483.00000000,1708604759999,321790.70270000,644,17837.50000000,153231.10000000
2024-02-22 20:26:00,8.59500000,8.64000000,8.59400000,8.62400000,30176.70000000,1708604819999,259816.31760000,591,13594.30000000,117093.05150000
2024-02-22 20:27:00,8.62500000,8.64000000,8.60500000,8.61000000,27452.50000000,1708604879999,236747.98470000,466,11395.70000000,98309.53530000
2024-02-22 20:28:00,8.61000000,8.61600000,8.60100000,8.60200000,8266.50000000,1708604939999,71164.34070000,215,3640.90000000,31348.35210000
2024-02-22 20:29:00,8.60000000,8.60100000,8.58100000,8.59100000,20977.30000000,1708604999999,180284.73960000,421,8687.40000000,74656.56080000
2024-02-22 20:30:00,8.59300000,8.62500000,8.59200000,8.60400000,20350.30000000,1708605059999,175237.79810000,401,12827.90000000,110472.74880000
2024-02-22 20:31:00,8.60500000,8.62500000,8.60000000,8.60200000,21675.90000000,1708605119999,186699.33530000,500,11338.30000000,97671.21460000
2024-02-22 20:32:00,8.60200000,8.60600000,8.52800000,8.56000000,49669.40000000,1708605179999,425118.43460000,1096,17891.30000000,153058.54010000
2024-02-22 20:33:00,8.56000000,8.56300000,8.47900000,8.49900000,64158.40000000,1708605239999,546110.69670000,1393,20490.00000000,174386.58620000
2024-02-22 20:34:00,8.49900000,8.53700000,8.49200000,8.51500000,62342.30000000,1708605299999,531096.41890000,928,34779.40000000,296304.89690000
2024-02-22 20:35:00,8.51600000,8.51800000,8.44900000,8.46100000,63769.10000000,1708605359999,540394.97500000,1345,17388.60000000,147372.64900000
2024-02-22 20:36:00,8.45800000,8.48600000,8.45000000,8.47900000,37315.90000000,1708605419999,316067.68880000,865,17697.30000000,149914.06630000
2024-02-22 20:37:00,8.47800000,8.51400000,8.47800000,8.50700000,37867.90000000,1708605479999,321879.86430000,839,19824.30000000,168464.77730000
2024-02-22 20:38:00,8.50600000,8.51500000,8.48500000,8.49900000,20708.30000000,1708605539999,175968.57960000,540,8835.80000000,75092.40540000
2024-02-22 20:39:00,8.50000000,8.50700000,8.47600000,8.48000000,25811.30000000,1708605599999,219221.59920000,559,12575.80000000,106809.16150000
2024-02-22 20:40:00,8.48000000,8.50400000,8.47000000,8.48800000,31687.40000000,1708605659999,268947.57470000,680,19343.50000000,164199.37740000
2024-02-22 20:41:00,8.48700000,8.55800000,8.48200000,8.52500000,94373.80000000,1708605719999,804319.42420000,1441,52920.00000000,450729.34220000
2024-02-22 20:42:00,8.52500000,8.53000000,8.50200000,8.51100000,23634.70000000,1708605779999,201241.90380000,528,11307.40000000,96289.20620000
2024-02-22 20:43:00,8.51300000,8.60000000,8.51300000,8.56700000,73602.60000000,1708605839999,630618.96560000,1423,44729.30000000,383167.93110000
2024-02-22 20:44:00,8.57000000,8.59000000,8.56000000,8.56800000,33836.60000000,1708605899999,290307.51480000,651,18978.90000000,162852.36420000
2024-02-22 20:45:00,8.56800000,8.62000000,8.56600000,8.59800000,49804.40000000,1708605959999,428039.25860000,930,31379.10000000,269700.31420000
2024-02-22 20:46:00,8.59900000,8.60400000,8.57700000,8.57700000,18500.70000000,1708606019999,158948.91100000,421,7745.40000000,66559.48020000
2024-02-22 20:47:00,8.57800000,8.61000000,8.56500000,8.60200000,24246.60000000,1708606079999,208210.53250000,532,14006.70000000,120272.56340000
2024-02-22 20:48:00,8.60200000,8.62000000,8.59500000,8.59700000,33376.00000000,1708606139999,287298.07800000,687,14352.50000000,123567.01950000
2024-02-22 20:49:00,8.59600000,8.60900000,8.58600000,8.60000000,27128.40000000,1708606199999,233229.77450000,461,9819.60000000,84450.20680000
2024-02-22 20:50:00,8.59700000,8.61500000,8.58500000,8.61300000,39254.10000000,1708606259999,337521.76380000,501,26236.30000000,225618.72390000
2024-02-22 20:51:00,8.61500000,8.61500000,8.57500000,8.58600000,16738.60000000,1708606319999,143773.22100000,324,6091.70000000,52308.92030000
2024-02-22 20:52:00,8.58600000,8.58600000,8.56700000,8.56800000,23978.60000000,1708606379999,205666.61190000,514,10731.80000000,92045.21120000
2024-02-22 20:53:00,8.56800000,8.60400000,8.54500000,8.59200000,33576.00000000,1708606439999,287731.98850000,499,14629.70000000,125427.29530000
2024-02-22 20:54:00,8.59300000,8.59700000,8.57000000,8.57400000,14183.80000000,1708606499999,121726.02970000,301,5437.80000000,46650.56280000
2024-02-22 20:55:00,8.57300000,8.58300000,8.56000000,8.57900000,22616.50000000,1708606559999,193883.03390000,466,11337.50000000,97191.05600000
2024-02-22 20:56:00,8.57800000,8.60700000,8.57800000,8.59500000,19445.80000000,1708606619999,167153.59220000,436,11883.30000000,102158.21390000
2024-02-22 20:57:00,8.59800000,8.61000000,8.58000000,8.59600000,20478.10000000,1708606679999,176053.91090000,445,9812.60000000,84357.49360000
2024-02-22 20:58:00,8.59300000,8.60800000,8.58800000,8.60000000,14634.90000000,1708606739999,125816.54270000,316,8254.80000000,70972.18000000
2024-02-22 20:59:00,8.60000000,8.63900000,8.60000000,8.62200000,29596.60000000,1708606799999,255076.93030000,643,18587.10000000,160166.03860000
2024-02-22 21:00:00,8.62100000,8.66700000,8.57000000,8.58200000,67406.40000000,1708606859999,581470.97790000,1426,33104.30000000,285791.53380000
2024-02-22 21:01:00,8.58200000,8.61000000,8.52200000,8.60900000,52316.40000000,1708606919999,447767.01240000,1095,24613.50000000,210775.87930000
2024-02-22 21:02:00,8.60500000,8.61000000,8.58000000,8.59800000,27909.60000000,1708606979999,239792.48720000,584,13179.80000000,113258.73190000
2024-02-22 21:03:00,8.59800000,8.61600000,8.57500000,8.57800000,27324.70000000,1708607039999,234815.18670000,494,12274.40000000,105488.75120000
2024-02-22 21:04:00,8.57700000,8.60400000,8.57700000,8.60100000,15364.20000000,1708607099999,131989.34190000,380,10729.40000000,92178.88180000
2024-02-22 21:05:00,8.60400000,8.61000000,8.57300000,8.57500000,14593.50000000,1708607159999,125311.68790000,396,5342.70000000,45878.49930000
2024-02-22 21:06:00,8.57500000,8.57700000,8.55400000,8.56400000,16150.90000000,1708607219999,138302.63730000,382,9746.40000000,83462.97880000
2024-02-22 21:07:00,8.56200000,8.57900000,8.53200000,8.53500000,27410.30000000,1708607279999,234586.35080000,587,11810.80000000,101123.58920000
2024-02-22 21:08:00,8.53500000,8.54200000,8.50600000,8.52300000,37983.30000000,1708607339999,323773.84280000,749,13559.90000000,115596.51110000
2024-02-22 21:09:00,8.52200000,8.53300000,8.51200000,8.52100000,18392.20000000,1708607399999,156756.64290000,406,7205.30000000,61419.46140000
2024-02-22 21:10:00,8.52400000,8.57000000,8.52200000,8.55700000,45448.30000000,1708607459999,388554.50570000,817,28861.20000000,246751.41970000
2024-02-22 21:11:00,8.55500000,8.55500000,8.52000000,8.52800000,18603.40000000,1708607519999,158808.73270000,395,7703.50000000,65752.21770000
2024-02-22 21:12:00,8.52700000,8.54000000,8.50000000,8.50400000,31900.20000000,1708607579999,271563.44080000,652,15221.60000000,129599.34770000
2024-02-22 21:13:00,8.50300000,8.52000000,8.48400000,8.51800000,44262.50000000,1708607639999,376307.53220000,866,17366.60000000,147676.38820000
2024-02-22 21:14:00,8.51900000,8.55200000,8.51700000,8.52700000,26658.20000000,1708607699999,227480.20640000,543,16792.60000000,143279.56060000
2024-02-22 21:15:00,8.52600000,8.52900000,8.49000000,8.49700000,36017.70000000,1708607759999,306482.29200000,770,15934.00000000,135577.22170000
2024-02-22 21:16:00,8.50000000,8.50500000,8.44000000,8.46300000,48340.10000000,1708607819999,409332.60330000,1156,20603.40000000,174478.27050000
2024-02-22 21:17:00,8.46200000,8.47400000,8.36500000,8.39600000,126456.00000000,1708607879999,1062877.76620000,2952,48029.70000000,403679.20250000
2024-02-22 21:18:00,8.39600000,8.43800000,8.34000000,8.37400000,79184.30000000,1708607939999,664398.21840000,1913,38287.90000000,321289.99470000
2024-02-22 21:19:00,8.37800000,8.45700000,8.35800000,8.43000000,74383.00000000,1708607999999,625569.74590000,1619,38458.50000000,323492.57180000
2024-02-22 21:20:00,8.43100000,8.43400000,8.35900000,8.38000000,102407.50000000,1708608059999,858725.09820000,1368,24265.50000000,203759.47730000
2024-02-22 21:21:00,8.38000000,8.42000000,8.38000000,8.41300000,45734.60000000,1708608119999,384246.98050000,915,26312.60000000,221082.24950000
2024-02-22 21:22:00,8.41500000,8.43600000,8.39700000,8.43000000,48094.80000000,1708608179999,404892.33170000,1058,24427.60000000,205656.10410000
2024-02-22 21:23:00,8.43100000,8.44700000,8.41000000,8.41100000,47340.00000000,1708608239999,398948.88330000,952,20418.70000000,172127.56600000
2024-02-22 21:24:00,8.40900000,8.43600000,8.40500000,8.43300000,20324.70000000,1708608299999,171163.11920000,502,12251.20000000,103173.88830000
2024-02-22 21:25:00,8.43200000,8.43900000,8.40600000,8.41400000,18110.60000000,1708608359999,152548.82770000,500,5863.40000000,49370.13820000
2024-02-22 21:26:00,8.41500000,8.43700000,8.41500000,8.42400000,18603.90000000,1708608419999,156732.94570000,534,8738.10000000,73614.13540000
2024-02-22 21:27:00,8.42400000,8.47400000,8.42400000,8.46000000,37975.90000000,1708608479999,320902.82190000,719,26411.00000000,223129.81210000
2024-02-22 21:28:00,8.46000000,8.47000000,8.43600000,8.46100000,29209.30000000,1708608539999,246773.62670000,552,9537.00000000,80600.24680000
2024-02-22 21:29:00,8.46000000,8.49300000,8.44300000,8.49100000,36641.50000000,1708608599999,310286.44170000,758,23355.90000000,197795.74990000
2024-02-22 21:30:00,8.49200000,8.51500000,8.47300000,8.49500000,59576.60000000,1708608659999,505894.67910000,1321,37234.00000000,316157.39140000
2024-02-22 21:31:00,8.49300000,8.50000000,8.45100000,8.48600000,39432.80000000,1708608719999,334137.71440000,866,18106.20000000,153472.36410000
2024-02-22 21:32:00,8.48900000,8.50800000,8.46600000,8.48900000,27269.70000000,1708608779999,231469.76800000,548,11971.00000000,101618.23090000
2024-02-22 21:33:00,8.49100000,8.53500000,8.49000000,8.51800000,46128.90000000,1708608839999,392786.32990000,879,28384.50000000,241735.25640000
2024-02-22 21:34:00,8.51700000,8.55600000,8.51500000,8.53000000,46743.80000000,1708608899999,398858.67220000,694,19486.90000000,166370.21170000
2024-02-22 21:35:00,8.52700000,8.53800000,8.49700000,8.50200000,38992.10000000,1708608959999,332024.37630000,671,13776.70000000,117367.74890000
2024-02-22 21:36:00,8.50400000,8.51100000,8.47000000,8.47900000,19779.80000000,1708609019999,167924.11400000,460,10874.30000000,92321.21420000
2024-02-22 21:37:00,8.48000000,8.48800000,8.43100000,8.43400000,26465.60000000,1708609079999,223726.49150000,623,11361.80000000,96019.02570000
2024-02-22 21:38:00,8.43400000,8.45500000,8.41600000,8.41700000,20864.40000000,1708609139999,175951.54770000,530,9851.60000000,83103.40650000
2024-02-22 21:39:00,8.41800000,8.44100000,8.38100000,8.38300000,52958.10000000,1708609199999,445534.73560000,1127,19151.50000000,161227.87040000
2024-02-22 21:40:00,8.38100000,8.38900000,8.30000000,8.32800000,110985.40000000,1708609259999,926335.33860000,2505,37750.90000000,314873.67200000
2024-02-22 21:41:00,8.32700000,8.36900000,8.32500000,8.33800000,46925.40000000,1708609319999,391476.55930000,1134,24426.30000000,203831.12900000
2024-02-22 21:42:00,8.33800000,8.37500000,8.32100000,8.35400000,48301.10000000,1708609379999,403071.21710000,1213,22983.80000000,191812.93430000
2024-02-22 21:43:00,8.35300000,8.40000000,8.33900000,8.38500000,42240.90000000,1708609439999,353773.02310000,941,28155.70000000,235917.62750000
2024-02-22 21:44:00,8.38200000,8.38200000,8.34400000,8.35300000,21573.60000000,1708609499999,180431.66760000,369,4611.80000000,38546.64560000
2024-02-22 21:45:00,8.35300000,8.40000000,8.34600000,8.39900000,33917.80000000,1708609559999,284129.76840000,799,18841.40000000,157857.67210000
2024-02-22 21:46:00,8.39900000,8.40000000,8.34900000,8.35300000,39145.70000000,1708609619999,327558.52850000,929,16222.60000000,135733.60350000
2024-02-22 21:47:00,8.35100000,8.39500000,8.31000000,8.32100000,37117.40000000,1708609679999,310255.11780000,869,13693.50000000,114522.38730000
2024-02-22 21:48:00,8.32100000,8.35600000,8.25200000,8.33600000,90929.10000000,1708609739999,755054.17820000,2237,47853.60000000,397324.49090000
2024-02-22 21:49:00,8.33500000,8.34600000,8.30900000,8.32500000,33615.90000000,1708609799999,279978.15190000,858,14613.10000000,121702.54220000
2024-02-22 21:50:00,8.32600000,8.40300000,8.32600000,8.40000000,37999.20000000,1708609859999,318343.37110000,1105,21469.20000000,179860.58120000
2024-02-22 21:51:00,8.40000000,8.48300000,8.39900000,8.46200000,54991.50000000,1708609919999,464652.64980000,1445,29412.80000000,248432.12580000
2024-02-22 21:52:00,8.45800000,8.47600000,8.44500000,8.44500000,31591.90000000,1708609979999,267319.43730000,784,15512.80000000,131320.74100000
2024-02-22 21:53:00,8.44600000,8.47400000,8.44000000,8.44800000,21794.30000000,1708610039999,184228.73440000,499,13266.40000000,112151.40330000
2024-02-22 21:54:00,8.44900000,8.45000000,8.43100000,8.44000000,21003.70000000,1708610099999,177308.48310000,575,10542.70000000,89007.49000000
2024-02-22 21:55:00,8.44100000,8.47700000,8.43300000,8.45100000,39019.40000000,1708610159999,329909.28910000,691,14711.60000000,124421.72290000
2024-02-22 21:56:00,8.45100000,8.46800000,8.43600000,8.46000000,31244.00000000,1708610219999,263995.21230000,652,14305.50000000,120883.48760000
2024-02-22 21:57:00,8.46000000,8.48100000,8.45000000,8.48100000,19969.60000000,1708610279999,169047.37110000,363,12246.70000000,103698.61750000
2024-02-22 21:58:00,8.48100000,8.51000000,8.45200000,8.45700000,43110.20000000,1708610339999,366097.19000000,906,20404.30000000,173301.25180000
2024-02-22 21:59:00,8.45700000,8.47300000,8.45700000,8.46400000,12641.50000000,1708610399999,107000.03170000,393,7255.20000000,61416.24140000
2024-02-22 22:00:00,8.46400000,8.48800000,8.43300000,8.44300000,29327.90000000,1708610459999,247977.60790000,778,15223.80000000,128740.64390000
2024-02-22 22:01:00,8.44200000,8.47800000,8.41500000,8.42000000,19762.30000000,1708610519999,167029.30110000,651,9164.40000000,77462.04130000
2024-02-22 22:02:00,8.42100000,8.43400000,8.41800000,8.43300000,14615.50000000,1708610579999,123169.35610000,409,7289.80000000,61438.73330000
2024-02-22 22:03:00,8.43200000,8.45100000,8.40100000,8.40600000,29625.20000000,1708610639999,249372.48850000,581,9783.30000000,82389.50930000
2024-02-22 22:04:00,8.40800000,8.43900000,8.40600000,8.42500000,20505.20000000,1708610699999,172735.27770000,510,9659.20000000,81380.73100000
2024-02-22 22:05:00,8.42500000,8.43600000,8.34200000,8.34900000,54096.30000000,1708610759999,453273.90370000,1398,19592.30000000,164174.10740000
2024-02-22 22:06:00,8.34600000,8.37800000,8.34400000,8.36300000,27665.10000000,1708610819999,231382.24890000,808,12307.90000000,102942.07610000
2024-02-22 22:07:00,8.36300000,8.42300000,8.36000000,8.41900000,23338.60000000,1708610879999,195761.15120000,644,15972.30000000,133997.02740000
2024-02-22 22:08:00,8.41900000,8.50000000,8.41300000,8.48300000,71844.90000000,1708610939999,608494.86170000,1708,39348.00000000,333093.10820000
2024-02-22 22:09:00,8.48200000,8.53900000,8.47000000,8.53900000,49564.60000000,1708610999999,422091.71210000,1026,33382.90000000,284408.60670000
2024-02-22 22:10:00,8.53900000,8.55600000,8.52400000,8.53900000,52734.00000000,1708611059999,450216.14250000,910,29396.00000000,251033.40700000
2024-02-22 22:11:00,8.54000000,8.59000000,8.53600000,8.58000000,58350.00000000,1708611119999,500003.71810000,1321,36146.20000000,309710.55000000
2024-02-22 22:12:00,8.57800000,8.63500000,8.57200000,8.59500000,109230.40000000,1708611179999,939573.08520000,1840,61007.90000000,524840.73390000
2024-02-22 22:13:00,8.59500000,8.61000000,8.57800000,8.58900000,37521.90000000,1708611239999,322426.78740000,631,13705.50000000,117788.18880000
2024-02-22 22:14:00,8.58900000,8.59300000,8.55400000,8.56600000,28037.70000000,1708611299999,240227.57940000,645,14578.00000000,124889.15680000
2024-02-22 22:15:00,8.56600000,8.58500000,8.53900000,8.55200000,44790.50000000,1708611359999,383226.14330000,817,21724.40000000,185933.80080000
2024-02-22 22:16:00,8.55300000,8.55400000,8.51500000,8.53400000,43747.50000000,1708611419999,373313.44660000,936,16543.10000000,141175.62220000
2024-02-22 22:17:00,8.53500000,8.54100000,8.50500000,8.53200000,35462.30000000,1708611479999,302169.42090000,761,16038.00000000,136649.03640000
2024-02-22 22:18:00,8.53200000,8.53900000,8.49000000,8.52200000,41015.30000000,1708611539999,349193.31090000,775,17710.30000000,150832.90180000
2024-02-22 22:19:00,8.52000000,8.55400000,8.51600000,8.52000000,29999.90000000,1708611599999,256026.39630000,700,15049.80000000,128452.82530000
2024-02-22 22:20:00,8.52400000,8.56000000,8.52100000,8.53500000,39403.70000000,1708611659999,336607.78630000,765,15839.00000000,135278.90920000
2024-02-22 22:21:00,8.53600000,8.54900000,8.52600000,8.54100000,31994.60000000,1708611719999,273107.17890000,878,17838.40000000,152285.46800000
2024-02-22 22:22:00,8.54100000,8.54200000,8.49300000,8.52000000,43441.50000000,1708611779999,370221.75540000,1003,16382.00000000,139569.81090000
2024-02-22 22:23:00,8.52000000,8.54000000,8.52000000,8.52800000,26307.00000000,1708611839999,224327.02890000,741,14456.30000000,123301.32250000
2024-02-22 22:24:00,8.52800000,8.53900000,8.50500000,8.51200000,41963.10000000,1708611899999,357652.67280000,835,19730.70000000,168200.74660000
2024-02-22 22:25:00,8.51300000,8.54500000,8.51300000,8.54400000,20772.30000000,1708611959999,177290.76830000,507,14537.20000000,124065.20770000
2024-02-22 22:26:00,8.54300000,8.55700000,8.52400000,8.53500000,25706.90000000,1708612019999,219551.57140000,534,12815.10000000,109438.79750000
2024-02-22 22:27:00,8.53600000,8.55500000,8.53600000,8.55200000,10296.30000000,1708612079999,88002.75230000,331,6944.30000000,59352.63990000
2024-02-22 22:28:00,8.55300000,8.55600000,8.48300000,8.49400000,40282.20000000,1708612139999,343465.08280000,737,18712.00000000,159669.56300000
2024-02-22 22:29:00,8.49300000,8.52000000,8.49200000,8.52000000,22729.50000000,1708612199999,193361.11490000,621,15514.60000000,131998.21790000
2024-02-22 22:30:00,8.51900000,8.53700000,8.50200000,8.50500000,28626.60000000,1708612259999,243879.14860000,638,16438.50000000,140060.95630000
2024-02-22 22:31:00,8.50400000,8.53200000,8.46600000,8.47100000,31610.70000000,1708612319999,268727.67360000,790,10876.30000000,92470.53940000
2024-02-22 22:32:00,8.47300000,8.49400000,8.41600000,8.45000000,49341.80000000,1708612379999,416837.94860000,1284,20280.50000000,171333.99520000
2024-02-22 22:33:00,8.45100000,8.51400000,8.43300000,8.51100000,30936.90000000,1708612439999,262129.07610000,645,21096.60000000,178910.49880000
2024-02-22 22:34:00,8.51200000,8.57100000,8.49900000,8.55600000,69895.40000000,1708612499999,597048.01980000,1240,47079.30000000,402135.62860000
2024-02-22 22:35:00,8.55500000,8.59200000,8.55100000,8.56800000,33604.60000000,1708612559999,288118.57920000,690,18462.00000000,158295.34000000
2024-02-22 22:36:00,8.56900000,8.59600000,8.56900000,8.59100000,25952.70000000,1708612619999,222789.29460000,520,12517.50000000,107445.69130000
2024-02-22 22:37:00,8.59100000,8.60000000,8.57000000,8.57500000,36078.50000000,1708612679999,309743.37610000,568,14460.30000000,124176.56790000
2024-02-22 22:38:00,8.57500000,8.58400000,8.56900000,8.57600000,14174.60000000,1708612739999,121577.21840000,426,8486.00000000,72787.41540000
2024-02-22 22:39:00,8.57500000,8.57800000,8.50300000,8.50700000,49279.30000000,1708612799999,421048.68750000,1131,17194.50000000,146951.28030000
2024-02-22 22:40:00,8.50700000,8.52700000,8.47200000,8.50600000,57108.40000000,1708612859999,485558.55790000,1134,34020.80000000,289352.80730000
2024-02-22 22:41:00,8.50600000,8.50600000,8.47200000,8.48400000,23010.10000000,1708612919999,195222.35660000,558,8973.80000000,76130.88040000
2024-02-22 22:42:00,8.48600000,8.57500000,8.46100000,8.57500000,53693.60000000,1708612979999,457106.26540000,1215,33670.30000000,286800.72970000
2024-02-22 22:43:00,8.57500000,8.59000000,8.55000000,8.55100000,47095.40000000,1708613039999,403933.97060000,993,25234.20000000,216488.31350000
2024-02-22 22:44:00,8.55300000,8.56900000,8.53700000,8.55900000,24019.70000000,1708613099999,205454.80420000,598,11048.10000000,94510.60260000
2024-02-22 22:45:00,8.55900000,8.58700000,8.55900000,8.58600000,16428.60000000,1708613159999,140812.86340000,443,10225.60000000,87653.66150000
2024-02-22 22:46:00,8.58600000,8.59000000,8.57200000,8.59000000,27211.20000000,1708613219999,233593.63690000,623,14836.30000000,127392.94880000
2024-02-22 22:47:00,8.59000000,8.59000000,8.52800000,8.54000000,41022.10000000,1708613279999,350978.41220000,787,18062.20000000,154573.31010000
2024-02-22 22:48:00,8.54100000,8.57500000,8.54100000,8.56800000,14388.60000000,1708613339999,123137.51390000,327,10244.50000000,87677.58840000
2024-02-22 22:49:00,8.56500000,8.56500000,8.52500000,8.53900000,13498.00000000,1708613399999,115362.68080000,275,4516.60000000,38595.84900000
2024-02-22 22:50:00,8.53700000,8.56700000,8.53000000,8.56500000,23213.70000000,1708613459999,198487.44310000,381,15255.90000000,130481.98720000
2024-02-22 22:51:00,8.56500000,8.56800000,8.54500000,8.55200000,11861.40000000,1708613519999,101476.28880000,317,5093.40000000,43578.18000000
2024-02-22 22:52:00,8.55300000,8.57300000,8.55000000,8.56800000,19122.00000000,1708613579999,163714.23590000,423,12285.20000000,105192.80150000
2024-02-22 22:53:00,8.56900000,8.60800000,8.49000000,8.52200000,105468.50000000,1708613639999,902913.73120000,1651,42218.90000000,361785.28230000
2024-02-22 22:54:00,8.52200000,8.53500000,8.45900000,8.47600000,100995.10000000,1708613699999,858037.62210000,1711,41809.90000000,355338.49330000
2024-02-22 22:55:00,8.47400000,8.53100000,8.47200000,8.51600000,20597.80000000,1708613759999,175153.04360000,554,12959.00000000,110196.89220000
2024-02-22 22:56:00,8.51700000,8.57400000,8.51100000,8.55600000,34749.20000000,1708613819999,297193.85940000,588,25715.70000000,219922.20050000
2024-02-22 22:57:00,8.55600000,8.57600000,8.55000000,8.56900000,19261.10000000,1708613879999,164995.20540000,377,10557.30000000,90449.43080000
2024-02-22 22:58:00,8.57000000,8.65700000,8.57000000,8.64600000,116004.00000000,1708613939999,1000632.96560000,1685,67436.60000000,581573.02950000
2024-02-22 22:59:00,8.64400000,8.71100000,8.62300000,8.69100000,152472.30000000,1708613999999,1324696.71280000,2894,82579.20000000,717421.80580000
2024-02-22 23:00:00,8.69100000,8.78800000,8.65500000,8.73500000,181456.70000000,1708614059999,1580103.98090000,3897,90059.80000000,784564.77460000
2024-02-22 23:01:00,8.73700000,8.75500000,8.70000000,8.71200000,88991.30000000,1708614119999,775638.67350000,2132,35709.30000000,311342.74190000
2024-02-22 23:02:00,8.71100000,8.71200000,8.62500000,8.63400000,151641.10000000,1708614179999,1315203.20000000,2501,47998.70000000,415558.58510000
2024-02-22 23:03:00,8.63500000,8.65200000,8.59000000,8.61000000,49452.20000000,1708614239999,426178.56840000,1239,22800.50000000,196512.89780000
2024-02-22 23:04:00,8.61100000,8.63100000,8.59800000,8.62800000,47032.80000000,1708614299999,404983.28710000,837,30160.00000000,259679.91780000
2024-02-22 23:05:00,8.62800000,8.63000000,8.59000000,8.59700000,64441.20000000,1708614359999,554716.10810000,1530,31513.20000000,271218.23420000
2024-02-22 23:06:00,8.59800000,8.62700000,8.59500000,8.61400000,35724.40000000,1708614419999,307658.82480000,851,22237.00000000,191499.30100000
2024-02-22 23:07:00,8.61700000,8.66100000,8.61700000,8.62900000,29915.40000000,1708614479999,258427.40520000,772,18544.50000000,160202.80300000
2024-02-22 23:08:00,8.62800000,8.62800000,8.59100000,8.60400000,40571.10000000,1708614539999,349208.30210000,1151,20173.40000000,173619.06900000
2024-02-22 23:09:00,8.60400000,8.60400000,8.56400000,8.56900000,40718.70000000,1708614599999,349547.62510000,1073,21520.10000000,184769.40300000
2024-02-22 23:10:00,8.56900000,8.57300000,8.50400000,8.51300000,52410.80000000,1708614659999,447317.52090000,1196,27544.60000000,235030.34870000
2024-02-22 23:11:00,8.51300000,8.54400000,8.50600000,8.52600000,24898.60000000,1708614719999,212269.03980000,481,12470.90000000,106337.58780000
2024-02-22 23:12:00,8.52500000,8.55700000,8.52300000,8.53200000,32078.20000000,1708614779999,273826.61410000,509,21877.50000000,186740.63510000
2024-02-22 23:13:00,8.53300000,8.56400000,8.53000000,8.55500000,18138.60000000,1708614839999,155119.96200000,407,10059.20000000,86035.88540000
2024-02-22 23:14:00,8.55500000,8.55500000,8.51800000,8.52400000,17958.80000000,1708614899999,153259.36050000,386,6788.20000000,57930.53740000
2024-02-22 23:15:00,8.52400000,8.53800000,8.47000000,8.48400000,34796.90000000,1708614959999,295865.47930000,1067,10803.20000000,91895.65350000
2024-02-22 23:16:00,8.48300000,8.55800000,8.48300000,8.53500000,50955.90000000,1708615019999,434947.42200000,1109,29057.10000000,247912.91130000
2024-02-22 23:17:00,8.54000000,8.59000000,8.54000000,8.58400000,25437.70000000,1708615079999,218131.94820000,590,18680.50000000,160176.64920000
2024-02-22 23:18:00,8.58200000,8.58400000,8.55500000,8.56500000,21994.40000000,1708615139999,188505.00380000,506,8720.40000000,74729.21270000
2024-02-22 23:19:00,8.56500000,8.59500000,8.56400000,8.58100000,14786.70000000,1708615199999,126888.99790000,361,8961.40000000,76901.34390000
2024-02-22 23:20:00,8.58100000,8.59000000,8.54900000,8.55500000,20964.30000000,1708615259999,179508.81180000,576,10570.40000000,90502.37540000
2024-02-22 23:21:00,8.55400000,8.57300000,8.55200000,8.57000000,12024.60000000,1708615319999,103001.13260000,421,7511.70000000,64344.54800000
2024-02-22 23:22:00,8.57000000,8.61900000,8.56500000,8.60300000,24758.80000000,1708615379999,212991.64090000,638,11994.90000000,103148.13760000
2024-02-22 23:23:00,8.60200000,8.64800000,8.58000000,8.64200000,44369.50000000,1708615439999,381735.01820000,1064,22468.60000000,193474.28230000
2024-02-22 23:24:00,8.64200000,8.65000000,8.61600000,8.63400000,33611.80000000,1708615499999,290245.14670000,734,19246.50000000,166240.95960000
2024-02-22 23:25:00,8.63400000,8.67100000,8.62000000,8.65200000,26308.50000000,1708615559999,227479.52390000,600,15293.40000000,132240.52890000
2024-02-22 23:26:00,8.65300000,8.66200000,8.61600000,8.63300000,43134.60000000,1708615619999,372714.08120000,816,15901.20000000,137512.94010000
2024-02-22 23:27:00,8.63300000,8.64000000,8.62100000,8.62600000,18966.20000000,1708615679999,163682.40740000,514,8642.90000000,74593.11330000
2024-02-22 23:28:00,8.62600000,8.64000000,8.62400000,8.63500000,9657.40000000,1708615739999,83361.86980000,276,4635.50000000,40014.86680000
2024-02-22 23:29:00,8.63400000,8.64800000,8.62700000,8.63300000,15554.50000000,1708615799999,134374.07970000,327,7307.70000000,63136.57690000
2024-02-22 23:30:00,8.63400000,8.65500000,8.60000000,8.65400000,73413.00000000,1708615859999,634050.01500000,948,50884.50000000,439856.04070000
2024-02-22 23:31:00,8.65500000,8.75000000,8.65400000,8.73700000,110706.80000000,1708615919999,963624.31560000,2624,76887.10000000,669101.54600000
2024-02-22 23:32:00,8.73700000,8.95000000,8.71900000,8.85800000,320732.10000000,1708615979999,2833104.23330000,8768,217853.40000000,1924744.92120000
2024-02-22 23:33:00,8.85900000,8.86000000,8.74000000,8.75600000,123084.80000000,1708616039999,1082299.45440000,4274,54559.10000000,479556.00180000
2024-02-22 23:34:00,8.75500000,8.81400000,8.67500000,8.77900000,89488.10000000,1708616099999,781758.54100000,2552,48131.50000000,420411.92850000
2024-02-22 23:35:00,8.77800000,8.86600000,8.76100000,8.76100000,124314.50000000,1708616159999,1096113.71060000,2853,81009.00000000,714659.52670000
2024-02-22 23:36:00,8.76300000,8.79400000,8.75100000,8.79200000,26656.70000000,1708616219999,233830.15470000,1019,15466.90000000,135694.17640000
2024-02-22 23:37:00,8.79500000,8.80700000,8.73400000,8.74700000,87189.40000000,1708616279999,764581.16480000,2182,43519.80000000,381923.90120000
2024-02-22 23:38:00,8.74800000,8.77900000,8.73800000,8.75800000,32608.90000000,1708616339999,285470.55070000,1106,20048.80000000,175524.60150000
2024-02-22 23:39:00,8.75700000,8.79500000,8.75500000,8.76700000,25721.70000000,1708616399999,225714.62130000,1019,14658.70000000,128646.82230000
2024-02-22 23:40:00,8.76700000,8.93000000,8.74200000,8.74400000,205830.40000000,1708616459999,1817283.77910000,3952,152035.60000000,1343707.53710000
2024-02-22 23:41:00,8.74500000,8.75000000,8.69900000,8.71900000,94373.20000000,1708616519999,822812.04050000,2224,48442.80000000,422408.64600000
2024-02-22 23:42:00,8.71800000,8.77000000,8.71800000,8.75500000,40480.90000000,1708616579999,354253.54640000,1030,27260.10000000,238575.53040000
2024-02-22 23:43:00,8.75900000,8.82300000,8.75200000,8.80100000,62573.90000000,1708616639999,549886.08910000,1447,41476.20000000,364503.16320000
2024-02-22 23:44:00,8.79900000,8.81100000,8.72500000,8.75100000,62534.20000000,1708616699999,548685.00340000,1380,26088.80000000,229017.19630000
2024-02-22 23:45:00,8.75100000,8.77000000,8.70100000,8.76800000,47512.70000000,1708616759999,415035.33800000,1138,26549.50000000,231972.13250000
2024-02-22 23:46:00,8.76500000,8.76500000,8.72100000,8.75500000,27317.30000000,1708616819999,238807.08730000,715,13888.90000000,121438.86580000
2024-02-22 23:47:00,8.75500000,8.75500000,8.71100000,8.74700000,41601.30000000,1708616879999,363362.16970000,882,14841.90000000,129673.99590000
2024-02-22 23:48:00,8.75000000,8.79000000,8.71200000,8.78400000,67486.90000000,1708616939999,589302.88060000,1138,33199.50000000,290133.08450000
2024-02-22 23:49:00,8.78500000,8.79900000,8.75700000,8.77400000,36575.70000000,1708616999999,321203.15380000,925,19734.90000000,173329.48560000
2024-02-22 23:50:00,8.77500000,8.84900000,8.77300000,8.80800000,68632.80000000,1708617059999,605095.11400000,1621,40783.80000000,359543.95900000
2024-02-22 23:51:00,8.80800000,8.88900000,8.80600000,8.86900000,74532.10000000,1708617119999,660182.33080000,1723,58205.50000000,515614.25280000
2024-02-22 23:52:00,8.86700000,8.86700000,8.83200000,8.84900000,45550.10000000,1708617179999,403155.11750000,1375,26382.20000000,233521.45270000
2024-02-22 23:53:00,8.84900000,8.84900000,8.80000000,8.81400000,59611.70000000,1708617239999,525724.57890000,1568,27584.60000000,243386.38890000
2024-02-22 23:54:00,8.81500000,8.85600000,8.80600000,8.83900000,30048.30000000,1708617299999,265208.71400000,949,18591.00000000,164116.41700000
2024-02-22 23:55:00,8.84000000,8.84800000,8.80000000,8.81200000,38987.60000000,1708617359999,343900.34100000,1075,18528.00000000,163465.11660000
2024-02-22 23:56:00,8.81200000,8.82800000,8.80500000,8.82200000,15306.20000000,1708617419999,134915.27740000,540,8849.70000000,78006.75910000
2024-02-22 23:57:00,8.82300000,8.82300000,8.79200000,8.82300000,26956.60000000,1708617479999,237421.29040000,665,14169.30000000,124822.14250000
2024-02-22 23:58:00,8.82300000,8.85400000,8.80400000,8.83900000,48411.30000000,1708617539999,427537.87180000,915,26893.30000000,237423.03930000
2024-02-22 23:59:00,8.83900000,8.84700000,8.79400000,8.84500000,93717.70000000,1708617599999,825922.51360000,973,62905.80000000,554248.14510000
2024-02-23 00:00:00,8.84500000,8.87100000,8.75100000,8.81700000,98887.50000000,1708617659999,870504.36480000,2524,53441.30000000,470522.21300000
2024-02-23 00:01:00,8.81800000,8.88800000,8.81300000,8.86900000,56759.50000000,1708617719999,502239.23490000,1529,33716.00000000,298360.79510000
2024-02-23 00:02:00,8.86800000,9.00000000,8.85100000,8.89300000,185926.80000000,1708617779999,1658741.51140000,3622,142337.40000000,1271374.05140000
2024-02-23 00:03:00,8.89400000,8.90000000,8.83300000,8.85500000,60254.50000000,1708617839999,534020.27170000,1643,29314.40000000,259849.37360000
2024-02-23 00:04:00,8.85600000,8.88500000,8.83700000,8.83700000,73772.30000000,1708617899999,653777.71210000,1543,40085.00000000,355260.88850000
2024-02-23 00:05:00,8.83600000,8.88200000,8.82900000,8.85200000,42357.50000000,1708617959999,374906.40620000,1019,25640.40000000,226954.72400000
2024-02-23 00:06:00,8.85000000,8.89700000,8.82100000,8.88200000,38072.60000000,1708618019999,337136.88190000,952,25106.80000000,222344.91170000
2024-02-23 00:07:00,8.88200000,8.90100000,8.86700000,8.88700000,44153.40000000,1708618079999,392251.66200000,868,28967.20000000,257371.21900000
2024-02-23 00:08:00,8.88500000,8.88700000,8.85300000,8.86100000,45310.30000000,1708618139999,401920.10380000,650,12694.20000000,112580.17970000
2024-02-23 00:09:00,8.86200000,8.87600000,8.83700000,8.86700000,36399.00000000,1708618199999,322328.55870000,621,14033.60000000,124328.61550000
2024-02-23 00:10:00,8.86800000,8.88900000,8.86100000,8.88000000,24897.10000000,1708618259999,220943.79460000,578,17240.80000000,153014.44410000
2024-02-23 00:11:00,8.87700000,8.88500000,8.85100000,8.86600000,30345.20000000,1708618319999,269088.73430000,651,14161.10000000,125595.14960000
2024-02-23 00:12:00,8.86600000,8.87200000,8.84000000,8.84500000,40320.20000000,1708618379999,357095.18770000,671,21556.60000000,190943.92740000
2024-02-23 00:13:00,8.84500000,8.86000000,8.80200000,8.80600000,62636.40000000,1708618439999,553460.04780000,1167,21038.70000000,185938.81200000
2024-02-23 00:14:00,8.80600000,8.81000000,8.69000000,8.71100000,140355.40000000,1708618499999,1227376.79450000,2985,48613.10000000,425278.03630000
2024-02-23 00:15:00,8.71100000,8.72200000,8.64900000,8.67800000,93198.10000000,1708618559999,809351.35340000,2215,46550.20000000,404421.34430000
2024-02-23 00:16:00,8.67900000,8.72800000,8.66700000,8.70700000,74193.30000000,1708618619999,645641.16330000,1397,44148.00000000,384281.25430000
2024-02-23 00:17:00,8.70700000,8.73900000,8.68100000,8.72900000,44926.50000000,1708618679999,391384.36250000,1007,27501.50000000,239641.97990000
2024-02-23 00:18:00,8.72900000,8.74200000,8.71700000,8.74200000,32528.20000000,1708618739999,283734.94520000,633,13975.30000000,121933.65970000
2024-02-23 00:19:00,8.74100000,8.74100000,8.72000000,8.72400000,28091.30000000,1708618799999,245113.31020000,623,10947.60000000,95529.70520000
2024-02-23 00:20:00,8.72400000,8.73900000,8.70000000,8.70400000,118438.50000000,1708618859999,1032479.11880000,1030,19810.40000000,172740.54810000
2024-02-23 00:21:00,8.70500000,8.71000000,8.67000000,8.68800000,43322.30000000,1708618919999,376446.59280000,877,20217.80000000,175675.16250000
2024-02-23 00:22:00,8.68700000,8.69000000,8.63000000,8.63400000,55776.70000000,1708618979999,482996.61520000,1205,22331.60000000,193449.76220000
2024-02-23 00:23:00,8.63000000,8.63400000,8.63000000,8.63400000,16.30000000,1708619039999,140.72260000,3,13.40000000,115.69560000
